{"dataset-column": null, "use-mean": "mean-difference", "order-stats": "average-statistic", "order-better": "decreasing", "used-statistics": "AUC", "order-WinTieLoss": "higher", "include-pvalue": true, "pvalue-test": "wilcoxon", "pvalue-threshold": 0.05, "pvalue-correction": null, "n-datasets": 13, "comparate-names": ["DKTPLUS", "DKVMN", "FCN", "KQN", "LSTM", "RNN", "SAKT"], "n-comparates": 7, "DKTPLUS-vs-DKVMN": {"win": 1, "tie": 0, "loss": 12, "pvalue": 0.00244140625, "is-significant": true, "mean": -0.0255384615384614}, "DKTPLUS-vs-FCN": {"win": 9, "tie": 0, "loss": 4, "pvalue": 0.080322265625, "is-significant": false, "mean": 0.021076923076922993}, "DKTPLUS-vs-KQN": {"win": 1, "tie": 0, "loss": 12, "pvalue": 0.000732421875, "is-significant": true, "mean": -0.03556505614060623}, "DKTPLUS-vs-LSTM": {"win": 3, "tie": 1, "loss": 9, "pvalue": 0.05440249617037722, "is-significant": false, "mean": -0.01569230769230756}, "DKTPLUS-vs-RNN": {"win": 0, "tie": 9, "loss": 4, "pvalue": 0.046523264762890044, "is-significant": true, "mean": -0.011076923076923095}, "DKTPLUS-vs-SAKT": {"win": 5, "tie": 0, "loss": 8, "pvalue": 0.375732421875, "is-significant": false, "mean": -0.016615384615384365}, "DKVMN-vs-DKTPLUS": {"win": 12, "tie": 0, "loss": 1, "pvalue": 0.00244140625, "is-significant": true, "mean": 0.0255384615384614}, "DKVMN-vs-FCN": {"win": 13, "tie": 0, "loss": 0, "pvalue": 0.000244140625, "is-significant": true, "mean": 0.04661538461538439}, "DKVMN-vs-KQN": {"win": 2, "tie": 3, "loss": 8, "pvalue": 0.0970935081713216, "is-significant": false, "mean": -0.010026594602144834}, "DKVMN-vs-LSTM": {"win": 7, "tie": 1, "loss": 5, "pvalue": 0.20799589373290883, "is-significant": false, "mean": 0.009846153846153838}, "DKVMN-vs-RNN": {"win": 8, "tie": 1, "loss": 4, "pvalue": 0.07438075387541655, "is-significant": false, "mean": 0.014461538461538304}, "DKVMN-vs-SAKT": {"win": 8, "tie": 0, "loss": 5, "pvalue": 0.375732421875, "is-significant": false, "mean": 0.008923076923077033}, "FCN-vs-DKTPLUS": {"win": 4, "tie": 0, "loss": 9, "pvalue": 0.080322265625, "is-significant": false, "mean": -0.021076923076922993}, "FCN-vs-DKVMN": {"win": 0, "tie": 0, "loss": 13, "pvalue": 0.000244140625, "is-significant": true, "mean": -0.04661538461538439}, "FCN-vs-KQN": {"win": 1, "tie": 0, "loss": 12, "pvalue": 0.001220703125, "is-significant": true, "mean": -0.056641979217529226}, "FCN-vs-LSTM": {"win": 2, "tie": 0, "loss": 11, "pvalue": 0.013427734375, "is-significant": true, "mean": -0.036769230769230554}, "FCN-vs-RNN": {"win": 4, "tie": 0, "loss": 9, "pvalue": 0.039794921875, "is-significant": true, "mean": -0.03215384615384609}, "FCN-vs-SAKT": {"win": 3, "tie": 0, "loss": 10, "pvalue": 0.03271484375, "is-significant": true, "mean": -0.03769230769230736}, "KQN-vs-DKTPLUS": {"win": 12, "tie": 0, "loss": 1, "pvalue": 0.000732421875, "is-significant": true, "mean": 0.03556505614060623}, "KQN-vs-DKVMN": {"win": 8, "tie": 3, "loss": 2, "pvalue": 0.0970935081713216, "is-significant": false, "mean": 0.010026594602144834}, "KQN-vs-FCN": {"win": 12, "tie": 0, "loss": 1, "pvalue": 0.001220703125, "is-significant": true, "mean": 0.056641979217529226}, "KQN-vs-LSTM": {"win": 10, "tie": 1, "loss": 2, "pvalue": 0.013020217269782213, "is-significant": true, "mean": 0.01987274844829867}, "KQN-vs-RNN": {"win": 10, "tie": 1, "loss": 2, "pvalue": 0.01438540773954567, "is-significant": true, "mean": 0.024488133063683137}, "KQN-vs-SAKT": {"win": 8, "tie": 0, "loss": 5, "pvalue": 0.167724609375, "is-significant": false, "mean": 0.018949671525221867}, "LSTM-vs-DKTPLUS": {"win": 9, "tie": 1, "loss": 3, "pvalue": 0.05440249617037722, "is-significant": false, "mean": 0.01569230769230756}, "LSTM-vs-DKVMN": {"win": 5, "tie": 1, "loss": 7, "pvalue": 0.20799589373290883, "is-significant": false, "mean": -0.009846153846153838}, "LSTM-vs-FCN": {"win": 11, "tie": 0, "loss": 2, "pvalue": 0.013427734375, "is-significant": true, "mean": 0.036769230769230554}, "LSTM-vs-KQN": {"win": 2, "tie": 1, "loss": 10, "pvalue": 0.013020217269782213, "is-significant": true, "mean": -0.01987274844829867}, "LSTM-vs-RNN": {"win": 6, "tie": 4, "loss": 3, "pvalue": 0.25430596599062305, "is-significant": false, "mean": 0.004615384615384466}, "LSTM-vs-SAKT": {"win": 6, "tie": 1, "loss": 6, "pvalue": 0.8337853523087038, "is-significant": false, "mean": -0.0009230769230768043}, "RNN-vs-DKTPLUS": {"win": 4, "tie": 9, "loss": 0, "pvalue": 0.046523264762890044, "is-significant": true, "mean": 0.011076923076923095}, "RNN-vs-DKVMN": {"win": 4, "tie": 1, "loss": 8, "pvalue": 0.07438075387541655, "is-significant": false, "mean": -0.014461538461538304}, "RNN-vs-FCN": {"win": 9, "tie": 0, "loss": 4, "pvalue": 0.039794921875, "is-significant": true, "mean": 0.03215384615384609}, "RNN-vs-KQN": {"win": 2, "tie": 1, "loss": 10, "pvalue": 0.01438540773954567, "is-significant": true, "mean": -0.024488133063683137}, "RNN-vs-LSTM": {"win": 3, "tie": 4, "loss": 6, "pvalue": 0.25430596599062305, "is-significant": false, "mean": -0.004615384615384466}, "RNN-vs-SAKT": {"win": 5, "tie": 0, "loss": 8, "pvalue": 0.946044921875, "is-significant": false, "mean": -0.00553846153846127}, "SAKT-vs-DKTPLUS": {"win": 8, "tie": 0, "loss": 5, "pvalue": 0.375732421875, "is-significant": false, "mean": 0.016615384615384365}, "SAKT-vs-DKVMN": {"win": 5, "tie": 0, "loss": 8, "pvalue": 0.339599609375, "is-significant": false, "mean": -0.008923076923077033}, "SAKT-vs-FCN": {"win": 10, "tie": 0, "loss": 3, "pvalue": 0.039794921875, "is-significant": true, "mean": 0.03769230769230736}, "SAKT-vs-KQN": {"win": 5, "tie": 0, "loss": 8, "pvalue": 0.167724609375, "is-significant": false, "mean": -0.018949671525221867}, "SAKT-vs-LSTM": {"win": 6, "tie": 1, "loss": 6, "pvalue": 0.8337853523087038, "is-significant": false, "mean": 0.0009230769230768043}, "SAKT-vs-RNN": {"win": 8, "tie": 0, "loss": 5, "pvalue": 0.946044921875, "is-significant": false, "mean": 0.00553846153846127}, "average-statistic": {"DKTPLUS": 0.7637, "DKVMN": 0.7892, "FCN": 0.7426, "KQN": 0.7993, "LSTM": 0.7794, "RNN": 0.7748, "SAKT": 0.7803}, "ordered-stats": [0.7993, 0.7892, 0.7803, 0.7794, 0.7748, 0.7637, 0.7426], "ordered-comparate-names": ["KQN", "DKVMN", "SAKT", "LSTM", "RNN", "DKTPLUS", "FCN"]}